Cargo Buscado;Titulo;Empresa;Local;Modelo;Tipo da Vaga;Afirmativa para PcD;Data;Link
Estágio TI;Estágio em TI | Motor de Crédito;domoinovacao;Não informado;Remoto;Estágio;Também p/ PcD;2026-08-21 00:00:00;https://domo.gupy.io/job/eyJqb2JJZCI6MTIyMjAwODMsInNvdXJjZSI6Imd1cHlfcG9ydGFsIn0=?jobBoardSource=gupy_portal
Desenvolvedor Júnior;PESSOA DESENVOLVEDORA FRONTEND JÚNIOR – VAGA EXCLUSIVA PARA PESSOA COM DEFICIÊNCIA;YDUQS - Vagas Tech;Não informado;Remoto;Efetivo;Também p/ PcD;2026-08-24 00:00:00;https://yduqstech.gupy.io/job/eyJqb2JJZCI6MTIxODEwMDAsInNvdXJjZSI6Imd1cHlfcG9ydGFsIn0=?jobBoardSource=gupy_portal
Desenvolvedor Júnior;Desenvolvedor(a) SQL Server - Júnior;Confitec;Não informado;Remoto;Efetivo;Também p/ PcD;2026-08-21 00:00:00;https://confitec.gupy.io/job/eyJqb2JJZCI6MTIyMDQ4MDUsInNvdXJjZSI6Imd1cHlfcG9ydGFsIn0=?jobBoardSource=gupy_portal
Desenvolvedor Júnior;Desenvolvedor (a) Júnior;Construmarket;Não informado;Remoto;Efetivo;Também p/ PcD;2026-08-21 00:00:00;https://construmarket.gupy.io/job/eyJqb2JJZCI6MTIyMTI1OTcsInNvdXJjZSI6Imd1cHlfcG9ydGFsIn0=?jobBoardSource=gupy_portal
Desenvolvedor Júnior;Desenvolvedor de Software Android Júnior (Remoto);Evoluservices;Não informado;Remoto;Efetivo;Também p/ PcD;2026-08-19 00:00:00;https://evoluservices.gupy.io/job/eyJqb2JJZCI6MTIxODEwNDgsInNvdXJjZSI6Imd1cHlfcG9ydGFsIn0=?jobBoardSource=gupy_portal
Desenvolvedor Júnior;Pessoa Desenvolvedora de Software IOS Júnior (Remota) - Exclusiva para Mulheres;Evoluservices;Não informado;Remoto;Efetivo;Também p/ PcD;2026-08-19 00:00:00;https://evoluservices.gupy.io/job/eyJqb2JJZCI6MTIxODA5OTEsInNvdXJjZSI6Imd1cHlfcG9ydGFsIn0=?jobBoardSource=gupy_portal
Desenvolvedor Júnior;Desenvolvedor(a) Front-End Júnior | Pleno;Cuponomia;Não informado;Remoto;Efetivo;Não informado;2026-08-07 00:00:00;https://cuponomia.gupy.io/job/eyJqb2JJZCI6MTE5ODc0NzgsInNvdXJjZSI6Imd1cHlfcG9ydGFsIn0=?jobBoardSource=gupy_portal
Desenvolvedor Júnior;Desenvolvedor Júnior (São Paulo/SP);Alares Internet;Não informado;Remoto;Efetivo;Também p/ PcD;2024-05-08 00:00:00;https://alaresinternet.gupy.io/job/eyJqb2JJZCI6NzEzNjgzOCwic291cmNlIjoiZ3VweV9wb3J0YWwifQ==?jobBoardSource=gupy_portal
Desenvolvedor Júnior;Pessoa desenvolvedora Android Júnior;Terras;Belém - PA;Remoto;Efetivo;Também p/ PcD;2022-03-11 00:00:00;https://terras&15719&inactive.gupy.io/job/eyJqb2JJZCI6MTU5MDIyMywic291cmNlIjoiZ3VweV9wb3J0YWwifQ==?jobBoardSource=gupy_portal
Desenvolvedor Júnior;Pessoa desenvolvedora Web Júnior;Terras;Belém - PA;Remoto;Efetivo;Também p/ PcD;2022-03-10 00:00:00;https://terras&15719&inactive.gupy.io/job/eyJqb2JJZCI6MTUyMjY4Mywic291cmNlIjoiZ3VweV9wb3J0YWwifQ==?jobBoardSource=gupy_portal
Python Junior;Engenheiro(a) de Software Júnior (Python/Node.js/IA/automação);Carreiras SoftExpert;Não informado;Remoto;Efetivo;Também p/ PcD;2026-08-18 00:00:00;https://softexpert.gupy.io/job/eyJqb2JJZCI6MTIxNjAyMTIsInNvdXJjZSI6Imd1cHlfcG9ydGFsIn0=?jobBoardSource=gupy_portal
Analista de Sistema Júnior;Banco de Talentos | Analista de Sistemas Júnior;domoinovacao;Não informado;Não informado;Não informado;Não informado;2026-04-08 00:00:00;https://domo.gupy.io/job/eyJqb2JJZCI6MTExMDU5MzQsInNvdXJjZSI6Imd1cHlfcG9ydGFsIn0=?jobBoardSource=gupy_portal
Analista de Suporte Júnior;ANALISTA DE SUPORTE (TI) JUNIOR P/D5- TJMG;Wyntech;Não informado;Remoto;Efetivo;Também p/ PcD;2026-08-27 00:00:00;https://wyntech.gupy.io/job/eyJqb2JJZCI6MTIzMTcxMzcsInNvdXJjZSI6Imd1cHlfcG9ydGFsIn0=?jobBoardSource=gupy_portal
Analista de Suporte Júnior;Analista de Suporte Júnior;Carreiras SoftExpert;Não informado;Remoto;Efetivo;Também p/ PcD;2026-08-14 00:00:00;https://softexpert.gupy.io/job/eyJqb2JJZCI6MTIwOTAzMTEsInNvdXJjZSI6Imd1cHlfcG9ydGFsIn0=?jobBoardSource=gupy_portal
Analista de Suporte Júnior;Analista de Suporte de TI Junior;Icaro Tech;Não informado;Remoto;Efetivo;Também p/ PcD;2026-08-11 00:00:00;https://icarotech.gupy.io/job/eyJqb2JJZCI6MTIwNDQ4OTgsInNvdXJjZSI6Imd1cHlfcG9ydGFsIn0=?jobBoardSource=gupy_portal
Analista de Suporte Júnior;Analista de Suporte Júnior;Synvia;Não informado;Remoto;Efetivo;Também p/ PcD;2026-08-11 00:00:00;https://synvia.gupy.io/job/eyJqb2JJZCI6MTIwMjMxMzYsInNvdXJjZSI6Imd1cHlfcG9ydGFsIn0=?jobBoardSource=gupy_portal
Analista de Suporte Júnior;Analista de Suporte Júnior;Carreiras SoftExpert;Não informado;Remoto;Efetivo;Também p/ PcD;2026-08-04 00:00:00;https://softexpert.gupy.io/job/eyJqb2JJZCI6MTE5Mzc3MzEsInNvdXJjZSI6Imd1cHlfcG9ydGFsIn0=?jobBoardSource=gupy_portal
Analista de Suporte Júnior;5528023 - ANALISTA DE SUPORTE TÉCNICO JÚNIOR - VAGA EXCLUSIVA P/ PESSOAS COM DEFICIÊNCIA (PCD);Quality Digital;Não informado;Não informado;Não informado;Não informado;2023-09-22 00:00:00;https://qualitydigital.gupy.io/job/eyJqb2JJZCI6NTUyODAyMywic291cmNlIjoiZ3VweV9wb3J0YWwifQ==?jobBoardSource=gupy_portal
Desenvolvedor Júnior;Desenvolvedor(a) Fullstack Backend - Júnior;Confitec;Não informado;Remoto;Efetivo;Também p/ PcD;2026-08-28 00:00:00;https://confitec.gupy.io/job/eyJqb2JJZCI6MTIyODg5NzksInNvdXJjZSI6Imd1cHlfcG9ydGFsIn0=?jobBoardSource=gupy_portal
Desenvolvedor Júnior;Analista Desenvolvedor Salesforce Junior [LR 46699-12315506];Confidencial;Não informado;Remoto;Efetivo;Não informado;2026-08-28 00:00:00;https://xfckvnq.gupy.io/job/eyJqb2JJZCI6MTIzMTU1MDYsInNvdXJjZSI6Imd1cHlfcG9ydGFsIn0=?jobBoardSource=gupy_portal
